{
  "v": "5.5.7",
  "fr": 60,
  "ip": 0,
  "op": 60,
  "w": 48,
  "h": 48,
  "assets": [],
  "layers": [
    {
      "ty": 4,
      "nm": "trophy",
      "sr": 1,
      "ks": {
        "o": { "a": 0, "k": 100 },
        "r": { "a": 0, "k": 0 },
        "p": { "a": 0, "k": [24, 24, 0] },
        "a": { "a": 0, "k": [12, 12, 0] },
        "s": {
          "a": 1,
          "k": [
            { "t": 0, "s": [100, 100, 100], "e": [115, 95, 100] },
            { "t": 10, "s": [115, 95, 100], "e": [95, 110, 100] },
            { "t": 20, "s": [95, 110, 100], "e": [105, 98, 100] },
            { "t": 30, "s": [105, 98, 100], "e": [100, 100, 100] },
            { "t": 40, "s": [100, 100, 100] }
          ]
        }
      },
      "shapes": [
        {
          "ty": "gr",
          "it": [
            {
              "ty": "rc",
              "d": 1,
              "s": { "a": 0, "k": [10, 10] },
              "p": { "a": 0, "k": [12, 10] },
              "r": { "a": 0, "k": 2 }
            },
            {
              "ty": "fl",
              "c": { "a": 0, "k": [0.96, 0.76, 0.2, 1] },
              "o": { "a": 0, "k": 100 }
            }
          ]
        },
        {
          "ty": "gr",
          "it": [
            {
              "ty": "rc",
              "d": 1,
              "s": { "a": 0, "k": [4, 5] },
              "p": { "a": 0, "k": [12, 18] },
              "r": { "a": 0, "k": 0 }
            },
            {
              "ty": "fl",
              "c": { "a": 0, "k": [0.96, 0.76, 0.2, 1] },
              "o": { "a": 0, "k": 100 }
            }
          ]
        },
        {
          "ty": "gr",
          "it": [
            {
              "ty": "rc",
              "d": 1,
              "s": { "a": 0, "k": [10, 3] },
              "p": { "a": 0, "k": [12, 22] },
              "r": { "a": 0, "k": 1 }
            },
            {
              "ty": "fl",
              "c": { "a": 0, "k": [0.8, 0.6, 0.1, 1] },
              "o": { "a": 0, "k": 100 }
            }
          ]
        }
      ],
      "ip": 0,
      "op": 60,
      "st": 0
    }
  ]
}