{
  "v": "5.5.7",
  "fr": 60,
  "ip": 0,
  "op": 60,
  "w": 48,
  "h": 48,
  "assets": [],
  "layers": [
    {
      "ty": 4,
      "nm": "gift-box",
      "sr": 1,
      "ks": {
        "o": { "a": 0, "k": 100 },
        "r": {
          "a": 1,
          "k": [
            { "t": 0, "s": [0], "e": [-5] },
            { "t": 10, "s": [-5], "e": [5] },
            { "t": 20, "s": [5], "e": [-3] },
            { "t": 30, "s": [-3], "e": [0] },
            { "t": 40, "s": [0] }
          ]
        },
        "p": { "a": 0, "k": [24, 24, 0] },
        "a": { "a": 0, "k": [12, 12, 0] },
        "s": {
          "a": 1,
          "k": [
            { "t": 0, "s": [100, 100, 100], "e": [110, 110, 100] },
            { "t": 15, "s": [110, 110, 100], "e": [100, 100, 100] },
            { "t": 30, "s": [100, 100, 100] }
          ]
        }
      },
      "shapes": [
        {
          "ty": "gr",
          "it": [
            {
              "ty": "rc",
              "d": 1,
              "s": { "a": 0, "k": [16, 12] },
              "p": { "a": 0, "k": [12, 16] },
              "r": { "a": 0, "k": 2 }
            },
            {
              "ty": "fl",
              "c": { "a": 0, "k": [0.96, 0.76, 0.2, 1] },
              "o": { "a": 0, "k": 100 }
            }
          ]
        },
        {
          "ty": "gr",
          "it": [
            {
              "ty": "rc",
              "d": 1,
              "s": { "a": 0, "k": [18, 5] },
              "p": { "a": 0, "k": [12, 8] },
              "r": { "a": 0, "k": 2 }
            },
            {
              "ty": "fl",
              "c": { "a": 0, "k": [0.9, 0.2, 0.2, 1] },
              "o": { "a": 0, "k": 100 }
            }
          ]
        },
        {
          "ty": "gr",
          "it": [
            {
              "ty": "rc",
              "d": 1,
              "s": { "a": 0, "k": [3, 12] },
              "p": { "a": 0, "k": [12, 16] },
              "r": { "a": 0, "k": 0 }
            },
            {
              "ty": "fl",
              "c": { "a": 0, "k": [0.9, 0.2, 0.2, 1] },
              "o": { "a": 0, "k": 100 }
            }
          ]
        }
      ],
      "ip": 0,
      "op": 60,
      "st": 0
    }
  ]
}