{
  "v": "5.5.7",
  "fr": 60,
  "ip": 0,
  "op": 60,
  "w": 48,
  "h": 48,
  "assets": [],
  "layers": [
    {
      "ty": 4,
      "nm": "profile",
      "sr": 1,
      "ks": {
        "o": { "a": 0, "k": 100 },
        "r": { "a": 0, "k": 0 },
        "p": { "a": 0, "k": [24, 24, 0] },
        "a": { "a": 0, "k": [12, 12, 0] },
        "s": {
          "a": 1,
          "k": [
            { "t": 0, "s": [100, 100, 100], "e": [110, 110, 100] },
            { "t": 15, "s": [110, 110, 100], "e": [100, 100, 100] },
            { "t": 30, "s": [100, 100, 100] }
          ]
        }
      },
      "shapes": [
        {
          "ty": "gr",
          "it": [
            {
              "ty": "el",
              "s": { "a": 0, "k": [10, 10] },
              "p": { "a": 0, "k": [12, 8] }
            },
            {
              "ty": "fl",
              "c": { "a": 0, "k": [0.4, 0.6, 0.9, 1] },
              "o": { "a": 0, "k": 100 }
            }
          ]
        },
        {
          "ty": "gr",
          "it": [
            {
              "ty": "el",
              "s": { "a": 0, "k": [16, 10] },
              "p": { "a": 0, "k": [12, 20] }
            },
            {
              "ty": "fl",
              "c": { "a": 0, "k": [0.4, 0.6, 0.9, 1] },
              "o": { "a": 0, "k": 100 }
            }
          ]
        }
      ],
      "ip": 0,
      "op": 60,
      "st": 0
    }
  ]
}